{
  "total": 0,
  "nextStartId": 13513,
  "items": [
    {
      "formula": "Fe2O3",
      "energy": -31.939207,
      "submission_time": "2024-06-15T11:07:30+08:00",
      "structure": {
        "@module": "pymatgen.core.structure",
        "@class": "Structure",
        "charge": 0.0,
        "lattice": {
          "matrix": [
            [
              -0.19970651234187742,
              3.163163657995663,
              -0.9381306550147147
            ],
            [
              -3.3485468456872174,
              0.0,
              0.7128602511480819
            ],
            [
              -0.19970651234187742,
              3.163163657995663,
              4.884895849609733
            ]
          ],
          "pbc": [
            true,
            true,
            true
          ],
          "a": 3.3053859296933235,
          "b": 3.423585213694661,
          "c": 5.823031382353237,
          "alpha": 77.98201377614245,
          "beta": 73.51158256980082,
          "gamma": 90.00014907066857,
          "volume": 61.67750657425066
        },
        "properties": {},
        "sites": [
          {
            "species": [
              {
                "element": "Fe",
                "occu": 1.0
              }
            ],
            "abc": [
              0.849012905433406,
              0.04549775101121423,
              0.007463463743943147
            ],
            "properties": {},
            "label": "Fe1",
            "xyz": [
              -0.32339525922610646,
              2.7091749249138672,
              -0.7275932518111596
            ]
          },
          {
            "species": [
              {
                "element": "Fe",
                "occu": 1.0
              }
            ],
            "abc": [
              0.10761366181238662,
              0.5607428565955745,
              0.4902549289707866
            ],
            "properties": {},
            "label": "Fe2",
            "xyz": [
              -1.9970719747988113,
              1.8911561986224141,
              2.693619886317738
            ]
          },
          {
            "species": [
              {
                "element": "O",
                "occu": 1.0
              }
            ],
            "abc": [
              0.700859160276049,
              0.641503165310348,
              0.3037662519815133
            ],
            "properties": {},
            "label": "O1",
            "xyz": [
              -2.3487336379903097,
              3.1777945939520316,
              1.2836711479885903
            ]
          },
          {
            "species": [
              {
                "element": "O",
                "occu": 1.0
              }
            ],
            "abc": [
              0.01671402355361098,
              0.006341403763709508,
              0.6720563590127102
            ],
            "properties": {},
            "label": "O2",
            "xyz": [
              -0.15878641847689917,
              2.178693442837557,
              3.2717659156603656
            ]
          },
          {
            "species": [
              {
                "element": "O",
                "occu": 1.0
              }
            ],
            "abc": [
              0.3408565260330448,
              0.25801988945535503,
              0.023775873750972582
            ],
            "properties": {},
            "label": "O3",
            "xyz": [
              -0.9368111518080089,
              1.1533919555245493,
              -0.019693165828104764
            ]
          }
        ]
      }
    },
    {
      "formula": "Fe2O3",
      "energy": -64.6348,
      "submission_time": "2024-06-15T11:07:30+08:00",
      "structure": {
        "@module": "pymatgen.core.structure",
        "@class": "Structure",
        "charge": 0.0,
        "lattice": {
          "matrix": [
            [
              -0.025764219412202926,
              -3.360481102738747,
              -5.813393446030153e-09
            ],
            [
              -3.360579874565668,
              0.0,
              -5.81158392888507e-09
            ],
            [
              0.0,
              0.0,
              -9.537343665929122
            ]
          ],
          "pbc": [
            true,
            true,
            true
          ],
          "a": 3.3605798661638953,
          "b": 3.360579874565668,
          "c": 9.537343665929122,
          "alpha": 89.99999990091614,
          "beta": 89.99999990088529,
          "gamma": 89.56073191092206,
          "volume": 107.70679723297881
        },
        "properties": {},
        "sites": [
          {
            "species": [
              {
                "element": "Fe",
                "occu": 1.0
              }
            ],
            "abc": [
              0.6849132923310879,
              0.8851439793528317,
              0.12959862903256836
            ],
            "properties": {},
            "label": "Fe1",
            "xyz": [
              -2.992243299448048,
              -2.3016381758932,
              -1.2360266728426228
            ]
          },
          {
            "species": [
              {
                "element": "Fe",
                "occu": 1.0
              }
            ],
            "abc": [
              0.11485602064014255,
              0.3150867077545486,
              0.8704013708885634
            ],
            "properties": {},
            "label": "Fe2",
            "xyz": [
              -1.0618332245396755,
              -0.38597148689697053,
              -8.30131700395892
            ]
          },
          {
            "species": [
              {
                "element": "Fe",
                "occu": 1.0
              }
            ],
            "abc": [
              0.18491329230691145,
              0.3851439793966708,
              0.37040137093289216
            ],
            "properties": {},
            "label": "Fe3",
            "xyz": [
              -1.2990712526058141,
              -0.6213976244425821,
              -3.5326451722315526
            ]
          },
          {
            "species": [
              {
                "element": "Fe",
                "occu": 1.0
              }
            ],
            "abc": [
              0.6148560205962772,
              0.8150867077787288,
              0.6295986291459887
            ],
            "properties": {},
            "label": "Fe4",
            "xyz": [
              -2.75500527160874,
              -2.0662120381189353,
              -6.004698506074499
            ]
          },
          {
            "species": [
              {
                "element": "O",
                "occu": 1.0
              }
            ],
            "abc": [
              0.5134259496664626,
              0.3875111430168411,
              0.1848031400898087
            ],
            "properties": {},
            "label": "O1",
            "xyz": [
              -1.3154901672114598,
              -1.7253582015098425,
              -1.7625310628161495
            ]
          },
          {
            "species": [
              {
                "element": "O",
                "occu": 1.0
              }
            ],
            "abc": [
              0.6124888569815594,
              0.48657405031592116,
              0.8151968599275796
            ],
            "properties": {},
            "label": "O2",
            "xyz": [
              -1.6509512582763897,
              -2.0582572295245853,
              -7.774812614904015
            ]
          },
          {
            "species": [
              {
                "element": "O",
                "occu": 1.0
              }
            ],
            "abc": [
              0.01342594967489319,
              0.8875111429648131,
              0.31519685991156465
            ],
            "properties": {},
            "label": "O3",